{
    "name": "Skeletyl",
    "matrix": {
        "rows": 8,
        "cols": 10
    },
    "layouts": {
        "keymap":
        [
            [
              {
                "x": 3.5
              },
              "0,2",
              {
                "x": 10.5
              },
              "4,2"
            ],
            [
              {
                "y": -0.87,
                "x": 2.5
              },
              "0,1",
              {
                "x": 1
              },
              "0,3",
              {
                "x": 8.5
              },
              "4,1",
              {
                "x": 1
              },
              "4,3"
            ],
            [
              {
                "y": -0.8799999999999999,
                "x": 5.5
              },
              "0,4",
              {
                "x": 6.5
              },
              "4,0"
            ],
            [
              {
                "y": -0.87,
                "x": 1.5
              },
              "0,0",
              {
                "x": 14.5
              },
              "4,4"
            ],
            [
              {
                "y": -0.3799999999999999,
                "x": 3.5
              },
              "1,2",
              {
                "x": 10.5
              },
              "5,2"
            ],
            [
              {
                "y": -0.8700000000000001,
                "x": 2.5
              },
              "1,1",
              {
                "x": 1
              },
              "1,3",
              {
                "x": 8.5
              },
              "5,1",
              {
                "x": 1
              },
              "5,3"
            ],
            [
              {
                "y": -0.8799999999999999,
                "x": 5.5
              },
              "1,4",
              {
                "x": 6.5
              },
              "5,0"
            ],
            [
              {
                "y": -0.8700000000000001,
                "x": 1.5
              },
              "1,0",
              {
                "x": 14.5
              },
              "5,4"
            ],
            [
              {
                "y": -0.3799999999999999,
                "x": 3.5
              },
              "2,2",
              {
                "x": 10.5
              },
              "6,2"
            ],
            [
              {
                "y": -0.8700000000000001,
                "x": 2.5
              },
              "2,1",
              {
                "x": 1
              },
              "2,3",
              {
                "x": 8.5
              },
              "6,1",
              {
                "x": 1
              },
              "6,3"
            ],
            [
              {
                "y": -0.8799999999999999,
                "x": 5.5
              },
              "2,4",
              {
                "x": 6.5
              },
              "6,0"
            ],
            [
              {
                "y": -0.8700000000000001,
                "x": 1.5
              },
              "2,0",
              {
                "x": 14.5
              },
              "6,4"
            ],
            [
              {
                "r": 30,
                "rx": 6.5,
                "ry": 4.25,
                "y": -1.5,
                "x": -0.25
              },
              "3,2",
              {
                "sm": "cherry"
              },
              "3,3",
              "3,4"
            ],
            [
              {
                "r": -30,
                "rx": 13,
                "y": -1.5,
                "x": -2.75
              },
              "7,0",
              "7,1",
              "7,2"
            ]
          ]
    }
}